chapter_number,chapter,chapter_era,culture,region,source_work,tradition_era_as_book_labels_it,text_recorded_as_book_labels_it,timeline_tradition_year_as_book_uses_it,timeline_recorded_year_as_book_uses_it,citation,first_source_link
1,Creation — Out of the Deep,In the beginning,Hebrew,Canaan / Judea,Genesis 1,ancient Near-Eastern tradition,compiled by c. 6th–5th c. BCE,-2000,-500,"Genesis 1:2–3, 6–8a (NASB).",https://www.biblegateway.com/passage/?search=Genesis%201%3A2%E2%80%933&version=NASB
1,Creation — Out of the Deep,In the beginning,Babylon & Assyria,Mesopotamia,Enuma Elish,2nd millennium BCE,"library tablets, Nineveh, 7th c. BCE",-1800,-1100,"Enuma Elish, Tablet I.1–6; IV.21, 137; VI.5–8, trans. L. W. King (1902). Square brackets are King's, marking text broken away from the tablet.",https://www.sacred-texts.com/ane/enuma.htm
1,Creation — Out of the Deep,In the beginning,Egypt,Nile,The waters of Nun; the Pyramid Texts & the Memphite Theology,3rd millennium BCE,Pyramid Texts c. 2400 BCE; Shabaka Stone c. 700 BCE copying an Old Kingdom original,-2500,-2400,"Pyramid Texts (Heliopolitan: Nun, Atum, the Benben); Shabaka Stone / Memphite Theology (Ptah creates by heart and tongue).",https://en.wikipedia.org/wiki/Nun_(mythology)
1,Creation — Out of the Deep,In the beginning,India,Indian subcontinent,Rigveda 10.129 (Nasadiya Sukta),Vedic oral tradition,c. 1200–1000 BCE,-1500,-1000,"Rigveda 10.129.1–3, 6, trans. R. T. H. Griffith (1896).",https://www.sacred-texts.com/hin/rigveda/
1,Creation — Out of the Deep,In the beginning,Norse,Scandinavia,Völuspá — Ginnungagap,pre-Christian Norse tradition,"Poetic Edda, c. 1270 CE",200,1270,"Völuspá 3 (Poetic Edda), trans. H. A. Bellows (1923).",https://www.sacred-texts.com/neu/poe/
1,Creation — Out of the Deep,In the beginning,China,Yellow River,Pangu and the cosmic egg,ancient Chinese tradition,recorded c. 3rd c. CE,-2000,220,Pangu creation (San Wu Liji tradition).,https://en.wikipedia.org/wiki/Pangu
1,Creation — Out of the Deep,In the beginning,Historians & sages,Greco-Roman & Near East,Hermes Trismegistus — the Poimandres,Greco-Egyptian syncretic tradition (Hellenistic/Roman),"Corpus Hermeticum I, c. 100–300 CE",100,200,Corpus Hermeticum I (Poimandres).,https://en.wikipedia.org/wiki/Corpus_Hermeticum
1,Creation — Out of the Deep,In the beginning,Maya,Mesoamerica,Popol Vuh — the calm sea and the word 'Earth',Pre-Columbian Maya tradition,Alphabetic manuscript c. 1550s CE (from older hieroglyphic books),-250,1554,"Popol Vuh, Part I (the creation); from the Ximénez manuscript, c. 1701.",https://en.wikipedia.org/wiki/Popol_Vuh
1,Creation — Out of the Deep,In the beginning,Hawaii,Pacific,The Kumulipo — creation out of the deep darkness,"Hawaiian genealogical chant, composed c. 1700 CE (carrying older Pacific cosmogony)",written down 19th c.; translated 1897 by Queen Lili'uokalani,1700,1897,"The Kumulipo, prologue and first era, trans. Lili'uokalani (Boston, 1897).",https://en.wikipedia.org/wiki/Kumulipo
1,Creation — Out of the Deep,In the beginning,Yoruba,West Africa,The Yoruba creation at Ile-Ife — earth poured on the waters,West African oral tradition (depth unknown),"recorded 19th–early 20th c. (S. Johnson, A. B. Ellis and others)",-500,1897,"Rev. S. Johnson, The History of the Yorubas (1921), ch. 1; A. B. Ellis, The Yoruba-Speaking Peoples of the Slave Coast (1894).",https://en.wikipedia.org/wiki/Yoruba_religion
1,Creation — Out of the Deep,In the beginning,Sumer,Mesopotamia,"Nammu the primeval sea, and Enlil who moved heaven from earth","Sumerian tradition, 3rd millennium BCE","Sumerian tablets, c. 2000 BCE and earlier",-2500,-2100,"Kramer, Sumerian Mythology, ch. II — Sumerian god-list (TRS 10.36–37); 'The Creation of the Pickax,' opening lines.",https://www.sacred-texts.com/ane/sum/index.htm
1,Creation — Out of the Deep,In the beginning,Finland & Karelia,Finno-Ugric north,"The Kalevala, Rune I — the water-mother and the broken egg",pre-Christian Finno-Karelian oral tradition,"collected from oral runo-singers; compiled by Elias Lönnrot, 1835–1849",-1000,1849,"Kalevala, Rune I, trans. J. M. Crawford (1888).",https://www.gutenberg.org/ebooks/5186
1,Creation — Out of the Deep,In the beginning,The Celts,Gaul & Ireland,Caesar on the Gauls — descended from the god of the dead,"Gaulish druidic tradition, pre-Roman","De Bello Gallico, c. 50 BCE",-500,-50,"Caesar, De Bello Gallico VI.18, trans. McDevitte & Bohn (1869).",https://www.perseus.tufts.edu/hopper/text?doc=Perseus:text:1999.02.0001:book%3D6:chapter%3D18
1,Creation — Out of the Deep,In the beginning,The Slavs,Eastern Europe,"Procopius on the Slavs — one god, the maker of the lightning",pre-Christian Slavic tradition,"De Bello Gothico, c. 550 CE",-500,550,"Procopius, De Bello Gothico (Wars) VII.14.23.",https://penelope.uchicago.edu/Thayer/E/Roman/Texts/Procopius/home.html
2,The Garden,In the beginning,Hebrew,Canaan / Judea,Genesis 2–3,ancient Near-Eastern tradition,compiled by c. 6th–5th c. BCE,-2000,-500,"Genesis 2:8–9, 16–17; 3:1, 22–24 (NASB).",https://www.biblegateway.com/passage/?search=Genesis%203%3A22%E2%80%9324&version=NASB
2,The Garden,In the beginning,Babylon & Assyria,Mesopotamia,Epic of Gilgamesh — the plant of life,2nd millennium BCE,library tablets 7th c. BCE,-1800,-700,"Epic of Gilgamesh, Tablet XI (the plant 'the-old-man-becomes-young').",https://en.wikipedia.org/wiki/Epic_of_Gilgamesh
2,The Garden,In the beginning,Sumer,Mesopotamia,Adapa and the Food of Life; Dilmun,3rd millennium BCE,tablets 2nd–1st millennium BCE,-2400,-1500,Adapa Epic; 'Enki and Ninhursag' (Dilmun).,https://en.wikipedia.org/wiki/Adapa
2,The Garden,In the beginning,Sumer,Mesopotamia,Gilgamesh and the Huluppu Tree,3rd millennium BCE,"Ur tablet, c. 2000 BCE",-2400,-2000,"“Gilgamesh, Enkidu, and the Nether World” (Gilgamesh and the Huluppu Tree), ETCSL 1.8.1.3.",https://etcsl.orinst.ox.ac.uk/cgi-bin/etcsl.cgi?text=c.1.8.1.3#
2,The Garden,In the beginning,Greek,Aegean,The Garden of the Hesperides; Pandora,archaic Greek tradition,"Hesiod, c. 700 BCE",-1200,-700,"Hesiod, Theogony 215–216, 333–335; Works and Days (Pandora).",https://en.wikipedia.org/wiki/Hesperides
2,The Garden,In the beginning,Norse,Scandinavia,Iðunn's apples (Prose Edda),pre-Christian Norse tradition,"Snorri Sturluson, c. 1220 CE",200,1220,"Prose Edda, Skáldskaparmál (Iðunn and her apples).",https://en.wikipedia.org/wiki/I%C3%B0unn
2,The Garden,In the beginning,India,Indian subcontinent,Samudra Manthan — the Churning of the Cosmic Ocean (Mahabharata; Bhagavata Purana),Vedic / ancient Hindu tradition,Mahabharata c. 4th c. BCE – 4th c. CE; Bhagavata Purana c. 9th–10th c. CE,-1500,-400,"Mahabharata, Adi Parva 17–18 (Samudra Manthan); Bhagavata Purana 8.5–12.",https://en.wikipedia.org/wiki/Samudra_manthan
2,The Garden,In the beginning,China,Yellow River,Xi Wangmu's Peach Garden — Shanhaijing; Mu Tianzi Zhuan,"ancient Chinese tradition, pre-Zhou",Shanhaijing (Classic of Mountains and Seas) c. 4th–2nd c. BCE; Mu Tianzi Zhuan c. 4th c. BCE,-2000,-300,"Shanhaijing (Classic of Mountains and Seas), passim; Mu Tianzi Zhuan (4th c. BCE); cf. Han Wu Gushi (story of the Han emperor visiting Xi Wangmu).",https://en.wikipedia.org/wiki/Queen_Mother_of_the_West
2,The Garden,In the beginning,Persia,Iran,"Airyana Vaejah and Yima — Avesta, Vendidad 1–2",ancient Iranian / Zoroastrian tradition,Avesta composed over many centuries; Vendidad compiled c. 1st–3rd c. CE from much older oral material attributed to Zarathustra (c. 1500–500 BCE),-1500,200,"Avesta, Vendidad 1–2; James Darmesteter trans., Sacred Books of the East vol. 4 (Oxford, 1880).",https://en.wikipedia.org/wiki/Airyana_Vaejah
2,The Garden,In the beginning,Greek,Aegean,"Hesiod — the Golden Race, paradise lost by ages",Archaic Greek oral tradition,"Hesiod, c. 700 BCE",-1100,-700,"Hesiod, Works and Days 112–115, trans. H. G. Evelyn-White (1914).",https://www.gutenberg.org/ebooks/348
2,The Garden,In the beginning,Aztec,Mesoamerica,"Tamoanchan — the forbidden tree of paradise, broken and bleeding",Pre-Columbian Nahua tradition,"Codex Telleriano-Remensis, c. 1563 (painted and glossed from native books and informants)",1200,1563,"Codex Telleriano-Remensis, fol. 13r (Bibliothèque nationale de France); cf. Histoyre du Mechique (16th c.).",https://aztecglyphs.wired-humanities.org/content/tamoanchan-tr13r
3,The Watchers,Before the Flood,Hebrew,Canaan / Judea,Genesis 6; Deuteronomy 32; Psalm 82,ancient Near-Eastern tradition,compiled by c. 6th–5th c. BCE,-2800,-500,Genesis 6:4; Deuteronomy 32:8 (DSS/LXX); Psalm 82:1 (NASB).,https://www.biblegateway.com/passage/?search=Genesis%206%3A4&version=NASB
3,The Watchers,Before the Flood,Dead Sea Scrolls,"Qumran, Judea",1 Enoch — The Book of the Watchers,pre-flood tradition; written 3rd c. BCE,"scroll copies among the Dead Sea Scrolls, 2nd c. BCE",-2600,-200,"1 Enoch 6:6; 6–8, trans. R. H. Charles (1917), public domain.",https://www.sacred-texts.com/bib/boe/
3,The Watchers,Before the Flood,Sumer,Mesopotamia,The Anunnaki & the Seven Apkallu,3rd millennium BCE,tablets 2nd–1st millennium BCE,-2800,-1200,"Apkallu tradition; Berossus, Babyloniaca (the seven sages before the Flood).",https://en.wikipedia.org/wiki/Apkallu
3,The Watchers,Before the Flood,Greek,Aegean,Prometheus and the Titans,archaic Greek tradition,"Hesiod, c. 700 BCE",-1200,-700,"Hesiod, Theogony / Works and Days; Aeschylus, Prometheus Bound.",https://en.wikipedia.org/wiki/Prometheus
3,The Watchers,Before the Flood,Dead Sea Scrolls,"Qumran, Judea",The Book of Jubilees,pre-flood tradition; written 2nd c. BCE,"Qumran copies, 2nd–1st c. BCE",-2600,-150,Jubilees 4–7 (Qumran; Ge'ez).,https://en.wikipedia.org/wiki/Book_of_Jubilees
3,The Watchers,Before the Flood,Historians & sages,Greco-Roman & Near East,Josephus — the Pillars of Seth,antediluvian tradition,"Antiquities of the Jews, 93 CE",-2900,93,"Josephus, Antiquities 1.2.3.",https://en.wikipedia.org/wiki/Antiquities_of_the_Jews
3,The Watchers,Before the Flood,India,Indian subcontinent,"Gandharvas, Apsaras, and Pururavas — Rigveda X.95; Shatapatha Brahmana; Mahabharata","Vedic tradition, 2nd millennium BCE",Rigveda X.95 c. 1200–1000 BCE; expanded in the Shatapatha Brahmana c. 8th–6th c. BCE and the Mahabharata c. 4th c. BCE – 4th c. CE,-2000,-1000,"Rigveda X.95; Shatapatha Brahmana XI.5.1.1–17; Mahabharata, Adi Parva (the Gandharvas).",https://en.wikipedia.org/wiki/Gandharva
3,The Watchers,Before the Flood,Egypt,Nile,Zep Tepi — the First Time (Pyramid Texts; Edfu Building Texts),ancient Egyptian tradition,Pyramid Texts c. 2400–2300 BCE (oldest surviving religious texts); Edfu Temple texts c. 237–57 BCE (preserving traditions the priests described as much older),-3000,-2400,"Pyramid Texts (Utterances 600+ passim); Edfu Building Texts (Horus temple inscriptions); Turin King List (Egyptian Museum, Turin).",https://en.wikipedia.org/wiki/Zep_Tepi
3,The Watchers,Before the Flood,Persia,Iran,The Daevas — Avesta (Gathas; Vendidad 19; Yashts),ancient Iranian / Zoroastrian tradition,Gathas c. 1500–1000 BCE (attributed to Zarathustra; among the oldest Indo-Iranian religious poetry); later Avesta compiled c. 1st–3rd c. CE,-1500,-1000,"Avesta, Yasna 30–32 (Gathas of Zarathustra); Vendidad 19; Darmesteter trans., Sacred Books of the East vols. 4 & 23.",https://en.wikipedia.org/wiki/Daeva
3,The Watchers,Before the Flood,Greek,Aegean,"Hesiod — the demi-gods, sons of the gods by mortal women",Archaic Greek oral tradition,"Hesiod, c. 700 BCE; Catalogue of Women, 6th c. BCE",-1200,-700,"Hesiod, Works and Days 156–160, trans. H. G. Evelyn-White (1914); cf. the Hesiodic Catalogue of Women.",https://www.gutenberg.org/ebooks/348
4,The Giants,"Before the Flood, and after",Hebrew,Canaan / Judea,2 Samuel 21; Deuteronomy 3; Numbers 13,ancient Israelite tradition,compiled c. 7th–5th c. BCE,-1400,-550,2 Samuel 21:20; Deuteronomy 3:11 (NASB); cf. Numbers 13:33.,https://www.biblegateway.com/passage/?search=2%20Samuel%2021%3A20&version=NASB
4,The Giants,"Before the Flood, and after",Dead Sea Scrolls,"Qumran, Judea",The Book of Giants (Dead Sea Scrolls / Enochic),pre-flood tradition; composed 3rd–2nd c. BCE,"Qumran scroll fragments, 2nd–1st c. BCE (also preserved in Manichaean copies)",-2600,-100,"The Book of Giants, Qumran (4Q203; 1Q23; 6Q8); cf. 1 Enoch 6–16.",https://en.wikipedia.org/wiki/Book_of_Giants
4,The Giants,"Before the Flood, and after",Babylon & Assyria,Mesopotamia,Atrahasis & Enuma Elish — Anunnaki and Igigi,3rd–2nd millennium BCE,tablets c. 1700 BCE,-2400,-1700,"Atrahasis Epic, Tablet I (the toil of the Igigi).",https://en.wikipedia.org/wiki/Atra-Hasis
4,The Giants,"Before the Flood, and after",Paiute,"Great Basin, N. Am.",Si-Te-Cah — Sarah Winnemucca; Lovelock Cave,ancient Great Basin oral tradition,recorded 1883; cave excavated 1912–1924,-1000,1883,"Winnemucca, Life Among the Piutes (1883); L.L. Loud, Lovelock Cave (1929).",https://en.wikipedia.org/wiki/Si-Te-Cah
4,The Giants,"Before the Flood, and after",Choctaw,SE North America,The Nahullo — H. B. Cushman,ancient SE-American oral tradition,recorded 1899,-800,1899,"Cushman, History of the Choctaw… (1899).",https://archive.org/stream/histchoctaw00cushrich/histchoctaw00cushrich_djvu.txt
4,The Giants,"Before the Flood, and after",Andean / Inca,South America,The Manta Giants of Santa Elena — Cieza de León,pre-Columbian Andean tradition,"Chronicle of Peru, 1553 CE",-500,1553,"Cieza de León, Crónica del Perú (1553), the giants of Santa Elena.",https://en.wikipedia.org/wiki/Pedro_Cieza_de_Le%C3%B3n
4,The Giants,"Before the Flood, and after",Greek,Aegean,The Gigantes and the Titans,archaic Greek tradition,"Hesiod, c. 700 BCE",-1300,-700,"Hesiod, Theogony (the Giants and Titans).",https://en.wikipedia.org/wiki/Giants_(Greek_mythology)
4,The Giants,"Before the Flood, and after",Comanche,Great Plains,The White Giants — Chief Rolling Thunder (1857),ancient Great Plains oral tradition,recorded 1857 CE,-1000,1857,"Comanche tradition of the white giants (Chief Rolling Thunder, 1857).",https://en.wikipedia.org/wiki/Giants_in_the_Americas
4,The Giants,"Before the Flood, and after",Navajo,"Southwest, N. Am.",The Starnake — white giants of the Southwest,ancient Southwestern oral tradition,recorded 19th–20th c. CE,-1000,1900,Navajo tradition of the Starnake (Diné oral tradition).,https://en.wikipedia.org/wiki/Navajo_mythology
4,The Giants,"Before the Flood, and after",Historians & sages,Greco-Roman & Near East,Josephus — 'whom the Greeks call giants',1st c. CE history,"Antiquities of the Jews, 93 CE",-2600,93,"Josephus, Antiquities 1.3.1.",https://en.wikipedia.org/wiki/Antiquities_of_the_Jews
4,The Giants,"Before the Flood, and after",Historians & sages,Greco-Roman & Near East,Herodotus — the seven-cubit coffin of Orestes,"reported as recent history, 6th c. BCE","Herodotus, Histories, c. 430 BCE",-560,-430,"Herodotus, Histories I.68, trans. G. Rawlinson (1858–60).",https://en.wikisource.org/wiki/The_History_of_Herodotus_(Rawlinson)/Book_1
4,The Giants,"Before the Flood, and after",Historians & sages,Greco-Roman & Near East,Pigafetta — the giants of Patagonia (Magellan's voyage),"eyewitness report, 1520 CE","Pigafetta's account, c. 1524–25",1520,1524,"A. Pigafetta, First Voyage Around the World (c. 1524–25), trans. J. A. Robertson (1906).",https://en.wikipedia.org/wiki/Patagonian_giants
4,The Giants,"Before the Flood, and after",Hebrew,Canaan / Judea,Genesis 6; Numbers 13 — The Nephilim Named,ancient Israelite tradition,compiled c. 7th–5th c. BCE,-2600,-550,Genesis 6:4; Numbers 13:33 (NASB).,https://www.biblegateway.com/passage/?search=Genesis%206%3A4&version=NASB
4,The Giants,"Before the Flood, and after",The Celts,Gaul & Ireland,The Fomorians — Balor's eye and the race that was here first,early Irish tradition; the Balor material derives from 9th-century sources,"Cath Maige Tuired, 11th–12th c. redaction (BL Harley MS 5280, 16th-c. copy); Lebor Gabála Érenn, 11th c.",-1000,1100,"Cath Maige Tuired (BL Harley MS 5280), ed. & trans. W. Stokes, Revue Celtique 12 (1891); Lebor Gabála Érenn, first recension.",https://celt.ucc.ie/published/T300010/index.html
5,The Great Flood,The Flood,Sumer,Mesopotamia,The Eridu Genesis (Sumerian Flood tablet),3rd millennium BCE (oral / temple tradition),"c. 1600 BCE (Nippur tablet, fragmentary)",-2700,-1600,"Eridu Genesis, Nippur tablet (CBS 10673); trans. S. N. Kramer, 'The Sumerians' (1963) and ANET.",https://etcsl.orinst.ox.ac.uk/section1/tr174.htm
5,The Great Flood,The Flood,Babylon & Assyria,Mesopotamia,"Epic of Gilgamesh, Tablet XI; and Berossus (via Alexander Polyhistor)",2nd millennium BCE,Standard tablets c. 1200 BCE; library copies 7th c. BCE; Berossus c. 280 BCE,-2000,-1200,"Berossus, 'Babyloniaca,' in Cory, 'Ancient Fragments' (1828); George Smith, 'The Chaldean Account of Genesis' (London, 1876), ch. III. Cf. Epic of Gilgamesh, Tablet XI.",https://www.gutenberg.org/ebooks/60559
5,The Great Flood,The Flood,Hebrew,Canaan / Judea,Genesis 6–8 (Torah),2nd–1st millennium BCE,Compiled c. 6th–5th c. BCE; oldest manuscripts among the Dead Sea Scrolls,-1400,-500,Genesis 7:19; 8:7–9; 8:4 (NASB).,https://www.biblegateway.com/passage/?search=Genesis%207%3A19&version=NASB
5,The Great Flood,The Flood,Dead Sea Scrolls,"Qumran, Judea",Genesis Apocryphon (1QapGen) and the Book of Enoch,Pre-flood tradition; expansions c. 3rd–1st c. BCE,Scroll copies 1st c. BCE – 1st c. CE (Qumran Cave 1 & 4),-1400,-50,"Genesis Apocryphon (1QapGen ar), Qumran Cave 1; cf. 1 Enoch 6–11, 106–107.",https://www.deadseascrolls.org.il/explore-the-archive
5,The Great Flood,The Flood,Greek,Aegean,"Ovid, Metamorphoses, Book I (drawing on older Greek tradition)","Archaic Greek tradition (Pindar, Hellanicus and earlier)",Ovid c. 8 CE; the Greek tradition centuries older,-1500,8,"Ovid, Metamorphoses I.291–319, trans. H. T. Riley (1851).",https://www.gutenberg.org/ebooks/21765
5,The Great Flood,The Flood,India,Indian subcontinent,Shatapatha Brahmana I.8.1 (the fish saves Manu),"Vedic oral tradition, late 2nd millennium BCE",c. 8th–6th c. BCE (later retold in the Mahabharata and Puranas),-1500,-700,"Shatapatha Brahmana I.8.1.1–6, trans. J. Eggeling (Oxford, 1882).",https://en.wikipedia.org/wiki/Matsya
5,The Great Flood,The Flood,China,Yellow River,Shujing (Book of Documents) and Mencius — the Great Flood of Yao,"Tradition set in the reign of Yao, 3rd millennium BCE",c. 4th c. BCE and earlier,-2200,-400,"Mencius III.ii.9 (trans. J. Legge); cf. Shujing, 'Canon of Yao.'",https://ctext.org/shang-shu
5,The Great Flood,The Flood,Norse,Scandinavia,"Prose Edda, Gylfaginning (the flood of Ymir's blood)",Pre-Christian Norse oral tradition,"Snorri Sturluson, c. 1220 CE (preserving far older verse)",300,1220,"Snorri Sturluson, Prose Edda, Gylfaginning 7, trans. A. G. Brodeur (1916).",https://www.gutenberg.org/ebooks/18947
5,The Great Flood,The Flood,Maya,Mesoamerica,Popol Vuh — the destruction of the wooden people,Pre-Columbian Maya tradition,Alphabetic manuscript c. 1550s CE (from older hieroglyphic books),-250,1554,"Popol Vuh, Part I (the flood of the wooden people); from the Ximénez manuscript, c. 1701.",https://en.wikipedia.org/wiki/Popol_Vuh
5,The Great Flood,The Flood,Aztec,Mesoamerica,Codex Chimalpopoca and related Nahua tradition,Pre-Columbian Nahua tradition,16th c. CE (from earlier codices and oral tradition),1200,1558,"Codex Chimalpopoca, 'Leyenda de los Soles'; Nahua tradition of the Fourth Sun (Nahui-Atl).",https://en.wikipedia.org/wiki/Five_Suns
5,The Great Flood,The Flood,Hawaii,Pacific,Nu'u — Hawaiian flood tradition,ancient Pacific oral tradition,recorded 19th c. CE,-2000,1860,"Hawaiian tradition of Nu'u (Fornander, An Account of the Polynesian Race).",https://en.wikipedia.org/wiki/Flood_myth
5,The Great Flood,The Flood,Algonquin,North America,Waynaboozhoo — Anishinaabe/Algonquin flood,ancient North-American oral tradition,recorded 19th c. CE,-2000,1850,Anishinaabe/Algonquin flood tradition (Waynaboozhoo / the earth-diver).,https://en.wikipedia.org/wiki/Earth-diver
5,The Great Flood,The Flood,Aboriginal,Australia,Dreamtime flood traditions — Australia,ancient oral tradition (possibly millennia deep),recorded 19th–20th c. CE,-6000,1900,Aboriginal Australian flood traditions (various nations).,https://en.wikipedia.org/wiki/Flood_myth
5,The Great Flood,The Flood,Sumer,Mesopotamia,The Sumerian King List,3rd millennium BCE,tablets c. 1800 BCE,-2900,-1800,The Sumerian King List (ETCSL t.2.1.1).,https://etcsl.orinst.ox.ac.uk/section2/tr211.htm
5,The Great Flood,The Flood,Persia,Iran,The Avesta — Yima and the Vara,ancient Iranian tradition,"Vendidad, mid-1st millennium BCE",-1500,-600,"Avesta, Vendidad 2 (Yima and the Vara).",https://en.wikipedia.org/wiki/Yima
5,The Great Flood,The Flood,Historians & sages,Greco-Roman & Near East,Josephus — the ark on Ararat,1st c. CE history,"Antiquities of the Jews, 93 CE",-2458,93,"Josephus, Antiquities 1.3.6 (quoting Nicolaus of Damascus).",https://en.wikipedia.org/wiki/Searches_for_Noah%27s_Ark
5,The Great Flood,The Flood,Andean / Inca,South America,Viracocha — the flood that destroyed the first creation,pre-Columbian Andean tradition,"Spanish chroniclers, 16th c. CE (from Inca oral tradition)",-2000,1553,Viracocha tradition (Cieza de León 1553; Sarmiento de Gamboa 1572).,https://en.wikipedia.org/wiki/Viracocha
5,The Great Flood,The Flood,China,Yellow River,Nuwa patches the broken sky,ancient Chinese tradition,"Huainanzi, c. 139 BCE (from older oral tradition)",-2000,-139,Huainanzi 6 (c. 139 BCE); cf. Chu Ci (Tian Wen).,https://en.wikipedia.org/wiki/N%C3%BCwa
5,The Great Flood,The Flood,Inuit,Arctic,Sedna — the sea goddess of the Arctic deep,ancient Inuit oral tradition,recorded 19th–20th c. CE,-2000,1900,"Inuit tradition of Sedna (various nations, Canadian Arctic and Greenland).",https://en.wikipedia.org/wiki/Sedna_(mythology)
5,The Great Flood,The Flood,Maasai,East Africa,Tumbainot — the Maasai flood (East Africa),East African oral tradition (depth unknown),"recorded 1904 (M. Merker, among the Maasai)",-1000,1904,"M. Merker, Die Masai (Berlin, 1904); J. G. Frazer, Folk-Lore in the Old Testament (1918), vol. I, ch. 4 ('The Great Flood').",https://archive.org/details/folkloreinoldtes01frazuoft
5,The Great Flood,The Flood,Egypt,Nile,The Book of the Heavenly Cow — the near-destruction of mankind,"Egyptian tradition, at least Middle Kingdom or earlier","inscribed c. 1330–1190 BCE (shrine of Tutankhamun; tombs of Seti I, Ramesses II & III)",-2000,-1330,"The Book of the Heavenly Cow, in the tombs of Tutankhamun (outermost shrine), Seti I, Ramesses II and III; cf. E. Naville, 'La destruction des hommes par les dieux' (TSBA 1874).",https://en.wikipedia.org/wiki/Book_of_the_Heavenly_Cow
6,The Ark — A Vessel by Measure,The Flood,Hebrew,Canaan / Judea,Genesis 6:14–16 — the construction instructions,ancient Israelite tradition,Genesis 6:14–16,,,Genesis 6:14–16.,https://www.biblegateway.com/passage/?search=Genesis%206%3A14-16&version=NASB
6,The Ark — A Vessel by Measure,The Flood,Hebrew,Canaan / Judea,Genesis 7–8 — the vessel in use,ancient Israelite tradition,Genesis 7:1–8:19,,,Genesis 7:1–8:19.,https://www.biblegateway.com/passage/?search=Genesis%207-8&version=NASB
6,The Ark — A Vessel by Measure,The Flood,Sumer,Mesopotamia,The Sumerian Flood Story,Sumerian tradition,"surviving Nippur tablet, c. 17th c. BCE",,,"Sumerian Flood Story, ETCSL 1.7.4.",https://etcsl.orinst.ox.ac.uk/section1/tr174.htm
6,The Ark — A Vessel by Measure,The Flood,Babylon & Assyria,Mesopotamia,"Atrahasis, the Middle Babylonian Ark Tablet",Old Babylonian tradition,Middle Babylonian tablet,,,"Middle Babylonian Ark Tablet, lines 1–20; Sources of Early Akkadian Literature edition.",https://seal.huji.ac.il/index.php/node/1520
6,The Ark — A Vessel by Measure,The Flood,Babylon & Assyria,Mesopotamia,"Epic of Gilgamesh, Tablet XI",Babylonian tradition,"standard version, 1st millennium BCE copies",,,Epic of Gilgamesh XI.,https://www.gutenberg.org/ebooks/60559
6,The Ark — A Vessel by Measure,The Flood,India,Indian subcontinent,Śatapatha Brāhmaṇa 1.8.1,Vedic Indian tradition,text compiled in the 1st millennium BCE,,,"Śatapatha Brāhmaṇa 1.8.1.4–6, trans. J. Eggeling.",https://sacred-texts.com/book/the-satapatha-brahmana-part-i/shell/story-of-the-flood-of-manu
6,The Ark — A Vessel by Measure,The Flood,Greek,Aegean,Deucalion in Apollodorus and Ovid,Greek and Roman literary tradition,"Apollodorus, Roman era; Ovid, c. 1st c. CE",,,"Apollodorus, Library 1.7.2; Ovid, Metamorphoses 1.313–319.",https://www.perseus.tufts.edu/hopper/text?doc=Perseus%3Atext%3A1999.01.0022%3Atext%3DLibrary%3Abook%3D1%3Achapter%3D7%3Asection%3D2
6,The Ark — A Vessel by Measure,The Flood,Aztec,Mesoamerica,"Codex Chimalpopoca, Legend of the Suns",Nahua tradition,colonial-era Nahuatl record,,,"Leyenda de los Soles, flood episode in the Codex Chimalpopoca.",https://web.ics.purdue.edu/~kdickson/mesoflood.html
6,The Ark — A Vessel by Measure,The Flood,Maasai,East Africa,Tumbainot flood account,Maasai oral tradition,"recorded by M. Merker, 1904; retold by Frazer, 1918",,,"M. Merker, Die Masai (1904); J. G. Frazer, Folk-Lore in the Old Testament, vol. 1, ch. 4 (1918).",https://www.biblicalstudies.org.uk/pdf/e-books/frazer/folk-lore_in_the_ot_frazer_vol01.pdf
7,The Reset,~2200 BCE,Babylon & Assyria,Mesopotamia,The Curse of Agade (Akkad),events c. 2200 BCE,"Sumerian literary text, copies c. 2100–1800 BCE",-2200,-2000,"The Cursing of Agade (ETCSL t.2.1.5), lines on the famine of Akkad.",https://etcsl.orinst.ox.ac.uk/section2/tr215.htm
7,The Reset,~2200 BCE,Egypt,Nile,The Admonitions of Ipuwer; the First Intermediate Period,events c. 2200–2150 BCE,papyrus copy later; events at the Old Kingdom's fall,-2200,-2150,The Admonitions of Ipuwer (Papyrus Leiden I 344); cf. the First Intermediate Period.,https://en.wikipedia.org/wiki/Admonitions_of_Ipuwer
7,The Reset,~2200 BCE,India,Indian subcontinent,The Indus Valley (Harappan) collapse,c. 2200–1900 BCE,archaeological record,-2200,-1900,"Indus Valley Civilization decline, c. 2200–1900 BCE.",https://en.wikipedia.org/wiki/Indus_Valley_Civilisation
7,The Reset,~2200 BCE,China,Yellow River,The Liangzhu culture disappears,c. 2300–2200 BCE,archaeological record,-2300,-2200,"Liangzhu culture collapse, c. 2300–2200 BCE; cf. the flood of Yao/Yu.",https://en.wikipedia.org/wiki/Liangzhu_culture
7,The Reset,~2200 BCE,Many peoples,worldwide,The 4.2-kiloyear climate event,c. 2200 BCE,"ice cores, lake beds, cave formations",-2200,-2200,The 4.2-kiloyear BP aridification event (Meghalayan boundary).,https://en.wikipedia.org/wiki/4.2-kiloyear_event
7,The Reset,~2200 BCE,Norse,Scandinavia,Fimbulwinter — Völuspá; Prose Edda (Gylfaginning),pre-Christian Norse oral tradition,Völuspá c. 900–1100 CE; Snorri Sturluson's Prose Edda c. 1220 CE,200,1000,"Völuspá, stanzas 41–44; Prose Edda, Gylfaginning 51 (Fimbulwinter and Ragnarök).",https://en.wikipedia.org/wiki/Fimbulwinter
7,The Reset,~2200 BCE,India,Indian subcontinent,The Kali Yuga and Mahapralaya — Mahabharata; Vishnu Purana,ancient Hindu tradition,Mahabharata c. 4th c. BCE – 4th c. CE; Vishnu Purana c. 1st–4th c. CE,-2000,-400,"Vishnu Purana 6.1–4 (Mahapralaya); Mahabharata, Vana Parva 188–189 (the four yugas); cf. Bhagavata Purana 12.2.",https://en.wikipedia.org/wiki/Pralaya
7,The Reset,~2200 BCE,Sumer,Mesopotamia,The Lament for Sumer and Ur,"the fall of Ur III, c. 2004 BCE","composed c. 2000–1900 BCE, within a generation of the fall",-2004,-1950,The Lament for Sumer and Ur (ETCSL c.2.2.3); cf. the Lament for Ur (ETCSL 2.2.2).,https://etcsl.orinst.ox.ac.uk/section2/tr223.htm
8,The Tower,After the Flood,Hebrew,Canaan / Judea,Genesis 11 — the Tower of Babel,ancient Near-Eastern tradition,compiled by c. 6th–5th c. BCE,-2200,-500,Genesis 11:1–9 (NASB).,https://www.biblegateway.com/passage/?search=Genesis%2011%3A1%E2%80%939&version=NASB
8,The Tower,After the Flood,Sumer,Mesopotamia,Enmerkar and the Lord of Aratta ('the spell of Nudimmud'),3rd millennium BCE,tablets c. 1800 BCE,-2800,-1800,"Enmerkar and the Lord of Aratta, 'the spell of Nudimmud' (ETCSL t.1.8.2.3).",https://etcsl.orinst.ox.ac.uk/section1/tr1823.htm
8,The Tower,After the Flood,Babylon & Assyria,Mesopotamia,Etemenanki — the great ziggurat of Babylon,rebuilt over many centuries,Babylonian building inscriptions,-2300,-600,"Etemenanki, the ziggurat of Babylon (Esagila tablet).",https://en.wikipedia.org/wiki/Etemenanki
8,The Tower,After the Flood,Greek,Aegean,The Aloadae — piling mountains to storm heaven,archaic Greek tradition,"Homer, c. 8th c. BCE",-1300,-750,"Homer, Odyssey 11.305–320 (the Aloadae).",https://en.wikipedia.org/wiki/Aloadae
8,The Tower,After the Flood,Aztec,Mesoamerica,The tower of Cholula (Toltec/Nahua tradition),pre-Columbian Mesoamerican tradition,"recorded by Diego Durán, 16th c. CE",-200,1581,"Diego Durán, Historia (the tower of Cholula); the Great Pyramid of Cholula.",https://en.wikipedia.org/wiki/Great_Pyramid_of_Cholula
8,The Tower,After the Flood,Historians & sages,Greco-Roman & Near East,Josephus — Nimrod and the tower,1st c. CE history,"Antiquities of the Jews, 93 CE",-2200,93,"Josephus, Antiquities 1.4.2–3.",https://en.wikipedia.org/wiki/Nimrod
8,The Tower,After the Flood,Historians & sages,Greco-Roman & Near East,Herodotus — the tower of Bel at Babylon,5th c. BCE history,"The Histories, c. 430 BCE",-2200,-430,"Herodotus, Histories 1.181.",https://en.wikipedia.org/wiki/Histories_(Herodotus)
8,The Tower,After the Flood,India,Indian subcontinent,Tripura — the Three Cities of the Asuras (Mahabharata; Shiva Purana),ancient Hindu tradition,Mahabharata c. 4th c. BCE – 4th c. CE; Shiva Purana c. 10th–12th c. CE (from older sources),-1500,-400,"Mahabharata, Drona Parva (Tripura Dahana); Shiva Purana, Rudra Samhita 5 (Tripura section).",https://en.wikipedia.org/wiki/Tripurasura
8,The Tower,After the Flood,Persia,Iran,Jamshid's Pride — Shahnameh (Ferdowsi); Avesta (Yima tradition),ancient Iranian tradition; events set in the legendary pre-history,Shahnameh composed c. 977–1010 CE (drawing on Avestan and Pahlavi sources now largely lost); Avesta tradition several centuries older,-1500,1000,"Ferdowsi, Shahnameh ('The Reign of Jamshid'); cf. Avesta, Vendidad 2 (Yima and the vara).",https://en.wikipedia.org/wiki/Jamshid
8,The Tower,After the Flood,Many peoples,worldwide,"The towers of Africa — Lozi, Ashanti, Mkulwe (Frazer's catalogue)",African oral traditions (depth unknown),"recorded 19th–early 20th c. (Livingstone and mission-era ethnography; gathered by Frazer, 1918)",500,1918,"J. G. Frazer, Folk-Lore in the Old Testament (1918), vol. I, ch. 5; D. Livingstone, Missionary Travels (1857) for the Zambezi tradition.",https://creationism.org/books/FrazerFolkloreOT/FrazerFolkloreOT_5.htm
9,The Second Flood — The Long War Against the Giants,"After the Tower, through David's day",Hebrew,Canaan / Judea,"Genesis 14 — Three Giant Peoples, One Campaign",ancient Israelite tradition,compiled c. 7th–5th c. BCE,-2000,-550,"Genesis 14:5-6; Deuteronomy 2:10-11, 20-21 (NASB); Josephus, Antiquities 1.9.1.",https://www.biblegateway.com/passage/?search=Genesis+14&version=NASB
9,The Second Flood — The Long War Against the Giants,"After the Tower, through David's day",Hebrew,Canaan / Judea,Numbers 13 — The Spies and the Anakim,ancient Israelite tradition,compiled c. 7th–5th c. BCE,-1450,-550,Numbers 13:33; cf. Numbers 13:22; Deuteronomy 1:28; Joshua 14:15.,https://www.biblegateway.com/passage/?search=Numbers+13&version=NASB
9,The Second Flood — The Long War Against the Giants,"After the Tower, through David's day",Hebrew,Canaan / Judea,Deuteronomy 2-3 — The Campaign Against the Rephaim,ancient Israelite tradition,compiled c. 7th–5th c. BCE,-1406,-550,Deuteronomy 2:10-12; Deuteronomy 2:37; Deuteronomy 3:1-6 (NASB).,https://www.biblegateway.com/passage/?search=Deuteronomy+2%3A10-12%3BDeuteronomy+3&version=NASB
9,The Second Flood — The Long War Against the Giants,"After the Tower, through David's day",Hebrew,Canaan / Judea,Joshua 11-12 — The Giants Fall in Canaan,ancient Israelite tradition,compiled c. 7th–5th c. BCE,-1406,-550,Joshua 10:40; 10:36-37; 11:21-22 (NASB); Deuteronomy 3:11.,https://www.biblegateway.com/passage/?search=Joshua+10%3A40-42%3BJoshua+11&version=NASB
9,The Second Flood — The Long War Against the Giants,"After the Tower, through David's day",Hebrew,Canaan / Judea,Judges 1 & 3 — The Philistine Cities Are Never Taken,ancient Israelite tradition,compiled c. 7th–5th c. BCE,-1350,-550,"Judges 1:21, 27-29, 34; Judges 3:1-3 (NASB).",https://www.biblegateway.com/passage/?search=Judges+1&version=NASB
9,The Second Flood — The Long War Against the Giants,"After the Tower, through David's day",Hebrew,Canaan / Judea,1 Samuel 17 — Goliath of Gath,ancient Israelite tradition,compiled c. 7th–5th c. BCE,-1050,-550,1 Samuel 17:4-7 (NASB).,https://www.biblegateway.com/passage/?search=1+Samuel+17&version=NASB
9,The Second Flood — The Long War Against the Giants,"After the Tower, through David's day",Hebrew,Canaan / Judea,2 Samuel 21 — The Final Elimination,ancient Israelite tradition,compiled c. 7th–5th c. BCE,-1000,-550,2 Samuel 21:18-22 (NASB).,https://www.biblegateway.com/passage/?search=2+Samuel+21&version=NASB
9,The Second Flood — The Long War Against the Giants,"After the Tower, through David's day",Historians & sages,Greco-Roman & Near East,Josephus — Giant Bones Still on Display,1st c. CE history,"Antiquities of the Jews, 93 CE",-1400,93,"Josephus, Antiquities 5.2.3 (Whiston); cf. Antiquities 3.14.2; 1.9.1; 7.4.1; 7.12.1-2.",https://www.sacred-texts.com/jud/josephus/ant-5.htm
9,The Second Flood — The Long War Against the Giants,"After the Tower, through David's day",Historians & sages,Greco-Roman & Near East,Josephus — Goliath and the Philistine Champions,1st c. CE history,"Antiquities of the Jews, 93 CE",-1000,93,"Josephus, Antiquities 6.9.1; 7.12.1-4 (Ant. 6.170-173; 7.185-190).",https://lexundria.com/j_aj/6.1-6.57/wst
9,The Second Flood — The Long War Against the Giants,"After the Tower, through David's day",Across traditions,comparative,"Gilgamesh, Herakles, Samson — Two Kinds of Strength",cross-cultural tradition,"Epic of Gilgamesh, c. 2100 BCE; Book of Giants, 3rd-2nd c. BCE",-2600,-1700,"Epic of Gilgamesh, Tablet I; The Book of Giants (4Q203); Judges 13:5; 14:6; 16:17 (NASB); cf. 1 Samuel 17:4; 2 Samuel 21:20, 22 (NASB).",https://en.wikipedia.org/wiki/Book_of_Giants
10,The Dragon — The Deep Subdued,a recurring pattern,Babylon & Assyria,Mesopotamia,Enuma Elish — Marduk and Tiamat,2nd millennium BCE,"Nineveh tablets, 7th c. BCE",-1800,-1100,Enuma Elish IV–V.,https://www.sacred-texts.com/ane/enuma.htm
10,The Dragon — The Deep Subdued,a recurring pattern,Hebrew,Canaan / Judea,"Leviathan & Rahab (Psalms, Isaiah, Job)",ancient Israelite tradition,compiled c. 7th–4th c. BCE,-1000,-400,"Psalm 74:13–14; Isaiah 27:1; Job 40:15–18; 41:1, 33–34, 18–21 (NASB).",https://www.biblegateway.com/passage/?search=Psalm%2074%3A13%E2%80%9314&version=NASB
10,The Dragon — The Deep Subdued,a recurring pattern,Canaan / Ugarit,Levant coast,The Baal Cycle — Baal vs Yam and Lotan,2nd millennium BCE,"Ugarit tablets, c. 1400–1200 BCE",-1800,-1300,"Baal Cycle (KTU 1.5), Ugarit.",https://en.wikipedia.org/wiki/Baal_Cycle
10,The Dragon — The Deep Subdued,a recurring pattern,India,Indian subcontinent,Indra slays Vritra (Rigveda),Vedic tradition,c. 1500–1000 BCE,-1500,-1000,"Rigveda 1.32.1, trans. Griffith.",https://www.sacred-texts.com/hin/rigveda/
10,The Dragon — The Deep Subdued,a recurring pattern,Greek,Aegean,Zeus vs Typhon; Apollo vs Python,archaic Greek tradition,"Hesiod, c. 700 BCE",-1300,-700,"Hesiod, Theogony 820–868 (Typhon).",https://en.wikipedia.org/wiki/Typhon
10,The Dragon — The Deep Subdued,a recurring pattern,Norse,Scandinavia,Thor and Jörmungandr,pre-Christian Norse tradition,"Eddas, c. 1220–1270 CE",200,1220,"Prose Edda, Gylfaginning (Thor & the Midgard Serpent).",https://en.wikipedia.org/wiki/J%C3%B6rmungandr
10,The Dragon — The Deep Subdued,a recurring pattern,Historians & sages,Greco-Roman & Near East,"St. George, the dragons of Europe, and the explorers' reports",Roman to medieval historical tradition,5th c. CE onward; explorer accounts through 17th c.,300,1600,"St. George tradition (Acta Sancti Georgii, 5th c.); Anglo-Saxon Chronicle (793 CE); Marco Polo, Travels; Pliny, Natural History 8; medieval chronicles.",https://en.wikipedia.org/wiki/Saint_George_and_the_Dragon
10,The Dragon — The Deep Subdued,a recurring pattern,Egypt,Nile,Ra against Apep — the Book of Overthrowing Apep,"attested from the Middle Kingdom, c. 2000 BCE",the full ritual book c. 310 BCE (Bremner-Rhind Papyrus); episodes in far older funerary texts,-2000,-310,"The Book of Overthrowing Apep, Bremner-Rhind Papyrus (BM EA 10188), c. 310 BCE; Apep attested from the Middle Kingdom; cf. Book of the Dead, spell 39.",https://en.wikipedia.org/wiki/Apep
10,The Dragon — The Deep Subdued,a recurring pattern,Persia,Iran,The Avesta — Thraetaona slays Azi Dahaka,"Indo-Iranian tradition, 2nd millennium BCE","Avesta (Yashts), mid-1st millennium BCE; retold in the Shahnameh, c. 1010 CE",-1200,-400,"Avesta, Aban Yasht (Yt. 5.33–34), trans. J. Darmesteter, SBE 23 (1883); cf. Ferdowsi, Shahnameh (Zahhak).",https://www.avesta.org/ka/yt5sbe.htm
10,The Dragon — The Deep Subdued,a recurring pattern,Japan,Japanese archipelago,The Kojiki — Susanoo and the eight-forked serpent,pre-literate Japanese oral tradition,"Kojiki, 712 CE — Japan's oldest book",300,712,"Kojiki, sect. XIX, trans. B. H. Chamberlain (1882).",https://en.wikipedia.org/wiki/Yamata_no_Orochi
10,The Dragon — The Deep Subdued,a recurring pattern,The Slavs,Eastern Europe,"Perun the thunderer, and Veles below",pre-Christian Slavic tradition,"Procopius, c. 550 CE; the Rus'–Byzantine treaty oaths of 945 and 971 and Vladimir's idols of 980, in the Primary Chronicle (c. 1113)",-500,1113,"Procopius, De Bello Gothico (Wars) VII.14.23; Russian Primary Chronicle, s.a. 945, 971, 980, 988.",https://home.uncg.edu/~jwjones/russia/377readings/primarychronicle.html
11,The God Who Returns,a recurring pattern,Egypt,Nile,Osiris,3rd millennium BCE,Pyramid Texts c. 2400 BCE,-2500,-2400,Pyramid Texts; the Osiris myth.,https://en.wikipedia.org/wiki/Osiris
11,The God Who Returns,a recurring pattern,Sumer,Mesopotamia,Inanna's Descent to the Underworld,3rd millennium BCE,tablets c. 1800 BCE,-2000,-1800,Inanna's Descent to the Netherworld (ETCSL t.1.4.1).,https://etcsl.orinst.ox.ac.uk/section1/tr141.htm
11,The God Who Returns,a recurring pattern,Babylon & Assyria,Mesopotamia,"Tammuz, the dying shepherd",3rd–1st millennium BCE,widely attested,-2000,-400,Ezekiel 8:14 (NASB).,https://www.biblegateway.com/passage/?search=Ezekiel%208%3A14&version=NASB
11,The God Who Returns,a recurring pattern,Greek,Aegean,Persephone and Demeter; Dionysus,archaic Greek tradition,"Homeric Hymn, c. 7th c. BCE",-1300,-650,Homeric Hymn to Demeter (Persephone).,https://en.wikipedia.org/wiki/Persephone
11,The God Who Returns,a recurring pattern,Canaan / Ugarit,Levant coast,Baal swallowed by Death (Mot),2nd millennium BCE,"Ugarit tablets, c. 1300 BCE",-1800,-1300,"Baal Cycle (KTU 1.5–1.6), Ugarit.",https://en.wikipedia.org/wiki/Baal_Cycle
11,The God Who Returns,a recurring pattern,Historians & sages,Greco-Roman & Near East,Herodotus — the phoenix,5th c. BCE history,"The Histories, c. 430 BCE",-2400,-430,"Herodotus, Histories 2.73.",https://en.wikipedia.org/wiki/Phoenix_(mythology)
11,The God Who Returns,a recurring pattern,Hebrew,Canaan / Judea,The Gospels — the empty tomb,events c. 30 CE,"the Gospels, c. 50–90 CE",30,70,Matthew 28:6 (NASB).,https://www.biblegateway.com/passage/?search=Matthew%2028%3A6&version=NASB
11,The God Who Returns,a recurring pattern,Norse,Scandinavia,Baldr — the beautiful god mourned by all creation,pre-Christian Norse tradition,"Snorri Sturluson, c. 1220 CE (from older verse)",200,1220,"Prose Edda, Gylfaginning 49–53 (Baldr's death); cf. Völuspá 31–33.",https://en.wikipedia.org/wiki/Baldr
11,The God Who Returns,a recurring pattern,Aztec,Mesoamerica,Xipe Totec — the flayed god who renews the earth,pre-Columbian Mesoamerican tradition,"Spanish chroniclers, 16th c. CE (from Aztec codices and oral tradition)",1200,1550,"Xipe Totec tradition (Sahagún, Florentine Codex; Durán, Book of the Gods).",https://en.wikipedia.org/wiki/Xipe_Totec
11,The God Who Returns,a recurring pattern,Canaan / Ugarit,Levant coast,Lucian — the mourning for Adonis at Byblos,Levantine cult of great antiquity (Byblos),"Lucian, De Dea Syria, 2nd c. CE",-1200,150,"Lucian, De Dea Syria 6–8; trans. Strong & Garstang (1913). Cf. Ezekiel 8:14.",https://en.wikipedia.org/wiki/De_Dea_Syria
12,Mazzaroth — The Ordered Sky,in its season,Hebrew,Canaan / Judea,Mazzaroth — Job 38:31–33,patriarchal setting; ancient Near-Eastern tradition,Hebrew text compiled c. 6th–4th c. BCE,-2000,-500,Job 38:31–33 (NASB).,https://www.biblegateway.com/passage/?search=Job%2038&version=NASB
12,Mazzaroth — The Ordered Sky,in its season,Hebrew,Canaan / Judea,Kimah and Kesil elsewhere — Amos 5:8; Isaiah 13:10; 40:26,Israelite prophetic tradition,8th–6th c. BCE,-760,-700,Amos 5:8; Isaiah 13:10; Isaiah 40:26 (NASB).,https://www.biblegateway.com/passage/?search=Amos%205&version=NASB
12,Mazzaroth — The Ordered Sky,in its season,Hebrew,Canaan / Judea,The lights are given a job — Genesis 1:14–18,Israelite tradition,compiled by c. 6th–5th c. BCE,-1400,-500,"Genesis 1:14, 16 (NASB).",https://www.biblegateway.com/passage/?search=Genesis%201&version=NASB
12,Mazzaroth — The Ordered Sky,in its season,Hebrew,Canaan / Judea,Written before Sinai — Psalm 19; Romans 1:19–20,Israelite tradition,Psalm c. 10th–6th c. BCE; Romans c. 57 CE,-1000,-500,"Psalm 19:1–4, 7; Romans 1:20 (NASB); compare Romans 10:18.",https://www.biblegateway.com/passage/?search=Psalm%2019&version=NASB
12,Mazzaroth — The Ordered Sky,in its season,Hebrew,Canaan / Judea,The fixed order as the proof of the covenant — Jeremiah 31:35–36; 33:25,Israelite prophetic tradition,late 7th–early 6th c. BCE,-600,-580,Jeremiah 31:35–36; 33:25–26 (NASB).,https://www.biblegateway.com/passage/?search=Jeremiah%2031&version=NASB
12,Mazzaroth — The Ordered Sky,in its season,Hebrew,Canaan / Judea,The line Israel draws — Deuteronomy 4:19; 2 Kings 23:5; Jeremiah 10:2,Israelite tradition,7th–6th c. BCE,-1200,-600,Deuteronomy 4:19; 2 Kings 23:5; Jeremiah 10:2 (NASB).,https://www.biblegateway.com/passage/?search=Deuteronomy%204&version=NASB
12,Mazzaroth — The Ordered Sky,in its season,Hebrew,Canaan / Judea,"Stars with roads, ranks and voices — Judges 5:20; Job 38:7; Psalm 147:4",Israelite tradition,compiled c. 10th–4th c. BCE,-1150,-950,Judges 5:20; Job 38:7; Psalm 147:4 (NASB).,https://www.biblegateway.com/passage/?search=Judges%205&version=NASB
12,Mazzaroth — The Ordered Sky,in its season,Dead Sea Scrolls,"Qumran, Judea",1 Enoch — Uriel's astronomy and Kokabiel's astrology,Second Temple Jewish tradition,"Aramaic copies at Qumran (4Q208–211), late 3rd–early 2nd c. BCE",-3000,-250,1 Enoch 8:3; 72:1; 2:1 (Charles).,https://www.sacred-texts.com/bib/boe/index.htm
12,Mazzaroth — The Ordered Sky,in its season,Dead Sea Scrolls,"Qumran, Judea",4Q318 — Zodiology and Brontology,Second Temple Judea,copied c. 1st c. BCE– 1st c. CE,-200,-50,"4Q318 (4QZodiology and Brontology ar), DJD XXXVI.",https://www.deadseascrolls.org.il/explore-the-archive/manuscript/4Q318-1
12,Mazzaroth — The Ordered Sky,in its season,Dead Sea Scrolls,"Qumran, Judea",4Q186 and 4Q561 — the horoscopes (the evidence against),Second Temple Judea,copied c. 1st c. BCE,-150,-50,"4Q186 (4QHoroscope / 4QCryptic) fragment 1, col. ii–iii; compare 4Q561.",https://en.wikipedia.org/wiki/4Q186
12,Mazzaroth — The Ordered Sky,in its season,Dead Sea Scrolls,"Qumran, Judea",4Q319–321 — the calendar scrolls,Second Temple Judea,copied c. 2nd c. BCE – 1st c. CE,-200,-100,4Q319 (Otot); 4Q320–321a (Mishmarot).,https://en.wikipedia.org/wiki/Qumran_calendrical_texts
12,Mazzaroth — The Ordered Sky,in its season,Dead Sea Scrolls,"Qumran, Judea",Jubilees 12 — Abram stops reading the stars,Second Temple Jewish tradition,c. 160–150 BCE; fifteen copies found at Qumran,-2000,-160,Jubilees 12:16–18 (Charles).,https://www.sacred-texts.com/bib/jub/index.htm
12,Mazzaroth — The Ordered Sky,in its season,Historians & sages,Greco-Roman & Near East,Josephus and Philo — the tabernacle as a sky-map,first-century Jewish scholarship,Philo c. 40 CE; Josephus c. 93–94 CE,-1400,94,"Josephus, Antiquities III.7.7 (and III.6.6–7); Philo, On the Life of Moses II.122–126; compare On the Special Laws I.87.",https://www.sacred-texts.com/jud/josephus/ant-3.htm
12,Mazzaroth — The Ordered Sky,in its season,Hebrew,Canaan / Judea,"The twelve, carried forward — Exodus 28; Ezekiel 28:13; Isaiah 54:11–12; Revelation 12 and 21",Israelite and early Christian tradition,c. 6th c. BCE – late 1st c. CE,-1400,95,"Exodus 28:17, 21; Isaiah 54:11; Revelation 12:1; 21:23 (NASB); compare Ezekiel 28:13; Revelation 21:14, 19–20.",https://www.biblegateway.com/passage/?search=Revelation%2021&version=NASB
12,Mazzaroth — The Ordered Sky,in its season,Babylon & Assyria,Mesopotamia,MUL.APIN and the road of the moon,Mesopotamian astronomical tradition,compiled c. 1000 BCE from older material; oldest surviving copy 686 BCE,-1100,-686,"MUL.APIN, Tablets I–II; earlier ‘Three Stars Each’ / astrolabe texts, c. 1100 BCE.",https://en.wikipedia.org/wiki/MUL.APIN
12,Mazzaroth — The Ordered Sky,in its season,Egypt,Nile,The decans and the rising of Sirius,Egyptian tradition,decan tables on coffin lids from c. 2100 BCE; Dendera zodiac c. 50 BCE,-2100,-2100,"Egyptian decans; the Dendera zodiac (Hathor temple, Ptolemaic).",https://en.wikipedia.org/wiki/Decan
12,Mazzaroth — The Ordered Sky,in its season,Greek,Aegean,"Hesiod's farming sky, and the poem Paul quoted",Greek tradition,Hesiod c. 700 BCE; Aratus c. 275 BCE,-700,-275,"Hesiod, Works and Days 383–387; Aratus, Phaenomena 1, 5; quoted at Acts 17:28.",https://www.sacred-texts.com/cla/hesiod/works.htm
12,Mazzaroth — The Ordered Sky,in its season,Arabia,Arabian peninsula,Manāzil al-qamar — the stations of the moon,pre-Islamic and Islamic Arabian tradition,pre-Islamic anwaʾ lore; systematized from the 8th–9th c. CE,-500,964,"Manāzil al-qamar; compare Qurʾān 10:5 and 36:39, which speak of the moon's manāzil.",https://en.wikipedia.org/wiki/Lunar_mansion
12,Mazzaroth — The Ordered Sky,in its season,China,Yellow River,The twenty-eight lodges (xiù),Chinese tradition,all 28 names inscribed on a lacquer chest sealed in 433 BCE,-1200,-433,"Lacquer chest, tomb of Marquis Yi of Zeng, sealed 433 BCE; the 28 xìù system.",https://en.wikipedia.org/wiki/Twenty-Eight_Mansions
12,Mazzaroth — The Ordered Sky,in its season,India,Indian subcontinent,The twenty-seven nakshatras,Vedic tradition,listed in the Atharvaveda; the Vedāṅga Jyotiṣa c. 1400–500 BCE,-1500,-1000,Atharvaveda XIX.7 (Griffith).,https://www.sacred-texts.com/hin/av/index.htm
12,Mazzaroth — The Ordered Sky,in its season,Hawaii,Pacific,Makaliʻi — the Pleiades open the year,Polynesian oral tradition,"recorded from oral tradition, 19th c.",-1000,1870,"Makaliʻi and the Makahiki season; compare Māori Matariki, the New Zealand new year.",https://en.wikipedia.org/wiki/Makahiki
13,The World Remembers,from the ground,Many peoples,worldwide,The Convergence — over 200 independent flood accounts,ancient oral tradition worldwide,catalogued from Sir James Frazer (1918) through modern comparative databases,-3000,1918,"Frazer, Folk-Lore in the Old Testament, vol. 1 (1918); cf. Mark Isaak, 'Flood Stories from Around the World,' TalkOrigins Archive (2002).",https://archive.org/details/folkloreoldtesta01fraz
13,The World Remembers,from the ground,Sumer,Mesopotamia,The Sumerian King List — the Flood as historical watershed,3rd millennium BCE (events); tradition recorded from c. 2100 BCE,oldest copies c. 2100 BCE; roughly 18 copies known from multiple sites,-2700,-2100,"Sumerian King List (ETCSL 2.1.1); Thorkild Jacobsen ed. (Oriental Institute, 1939).",https://etcsl.orinst.ox.ac.uk/section2/tr211.htm
13,The World Remembers,from the ground,Many peoples,worldwide,"50 Confirmed Figures — Lawrence Mykytiuk, Biblical Archaeology Review",Iron Age through Roman period (c. 900 BCE – 100 CE),compiled and peer-reviewed 2014–2017,-900,2014,"Lawrence Mykytiuk, Biblical Archaeology Review 40.2 (2014) and 43.2 (2017).",https://www.biblicalarchaeology.org/daily/people-cultures-in-the-bible/people-in-the-bible/50-people-in-the-bible-confirmed-archaeologically/
